,ymd,close,open,high,low,volume,ema3,ema5,ema10,ema14,ema20,ema50,ema200
0,20180426.0,15.3,15.3,15.3,15.3,100.0,,,,,,,
1,20180410.0,14.0,14.0,14.0,14.0,100.0,15.5,,,,,,
2,20180406.0,12.4,12.4,12.4,12.4,2000.0,13.95,,,,,,
3,20180404.0,14.5,14.5,14.5,14.5,100.0,14.225,14.68,,,,,
4,20180329.0,12.8,12.8,12.8,12.8,100.0,13.5125,14.053333333333335,,,,,
5,20180322.0,11.7,11.7,11.7,11.7,100.0,12.60625,13.268888888888888,,,,,
6,20180321.0,10.3,10.3,10.3,10.3,100.0,11.453125,12.27925925925926,,,,,
7,20180316.0,9.0,9.0,9.0,9.0,2000.0,10.2265625,11.186172839506174,,,,,
8,20180131.0,10.0,10.0,10.0,10.0,41100.0,10.11328125,10.790781893004116,12.72,,,,
9,20180126.0,10.0,10.0,10.0,10.0,20200.0,10.056640625,10.527187928669411,12.225454545454546,,,,
10,20180124.0,10.0,10.0,10.0,10.0,28200.0,10.0283203125,10.351458619112941,11.820826446280991,,,,
11,20180123.0,10.0,10.0,10.0,10.0,18300.0,10.01416015625,10.234305746075297,11.48976709241172,,,,
12,20170516.0,17.2,17.2,17.2,17.2,9600.0,13.607080078125,12.55620383071686,12.527991257427773,12.457142857142856,,,
13,20170509.0,15.0,15.0,15.0,15.0,2900.0,14.303540039062499,13.370802553811242,12.977447392440904,12.796190476190473,,,
14,20170508.0,15.0,15.0,15.0,15.0,6700.0,14.65177001953125,13.913868369207492,13.345184230178921,13.090031746031745,,,
15,20170331.0,15.6,15.6,15.6,15.6,100.0,15.125885009765625,14.47591224613833,13.755150733782754,13.424694179894178,,,
16,20170330.0,15.6,15.6,15.6,15.6,100.0,15.362942504882813,14.850608164092218,14.090577873094979,13.714734955908288,,,
17,20170328.0,16.0,16.0,16.0,16.0,100.0,15.681471252441405,15.233738776061479,14.437745532532256,14.019436961787182,,,
18,20170327.0,15.3,15.3,15.3,15.3,100.0,15.490735626220705,15.255825850707652,14.594519072071847,14.190178700215556,13.345,,
19,20170324.0,15.1,15.1,15.1,15.1,100.0,15.295367813110351,15.20388390047177,14.686424695331514,14.311488206853483,13.512142857142855,,
